{"cameraMode":{"drawMode":0,"name":"Shaded","section":"Shading Mode"},"sceneLighting":true,"audioPlay":false,"sceneViewState":{"m_AlwaysRefresh":false,"showFog":true,"showSkybox":true,"showFlares":true,"showImageEffects":true,"showParticleSystems":true,"showVisualEffectGraphs":true,"m_FxEnabled":true},"in2DMode":false,"pivot":{"x":0.6207902431488037,"y":1.7558716535568238,"z":-0.2394731342792511},"rotation":{"x":0.002960305195301771,"y":0.9817381501197815,"z":0.015315652824938298,"w":-0.1896219700574875},"size":2.5067191123962404,"orthographic":false}